Dawn Links, Dawn Titles, dawn descriptions, BBC links, BBC Titles, BBC description
https://epaper.dawn.com, EPAPER, ,https://www.bbc.co.uk/sounds?src_origin=BBCS_BBC, Audio, ,
https://www.dawnnews.tv/watch-live, LIVE TV, ,https://www.bbc.com/weather, Weather, ,
https://www.dawnnews.tv, DAWNNEWS URDU, ,https://cloud.email.bbc.com/SignUp10_08?&at_bbc_team=studios&at_medium=display&at_objective=acquisition&at_ptr_type=&at_ptr_name=bbc.comhp&at_format=Module&at_link_origin=homepage&at_campaign=essentiallist&at_campaign_type=owned, The Essential ListThe week's best stories, handpicked by BBC editors, in your inbox every Tuesday and Friday, ,
https://images.dawn.com, Images, ,https://cloud.email.bbc.com/US_Election_Unspun_newsletter_signup?&at_bbc_team=studios&at_medium=display&at_objective=acquisition&at_ptr_type=&at_ptr_name=bbc.comhp&at_format=Module&at_link_origin=homepage&at_campaign=uselectionunspun&at_campaign_type=owned, Terms of use, , 
https://herald.dawn.com, Herald, ,https://cloud.email.bbc.com/InHistory_newsletter_signup?&at_bbc_team=studios&at_medium=display&at_objective=acquisition&at_ptr_type=&at_ptr_name=bbc.comhp&at_format=Module&at_link_origin=homepage&at_campaign=inhistory&at_campaign_type=owned, US Election UnspunCut through the spin with North America correspondent Anthony Zurcher - in your inbox every Wednesday, ,
https://aurora.dawn.com, Aurora, , https://www.bbc.com/, In HistoryDiscover the headlines from this week in history. See the past come to life through the BBC's unique archive, in your inbox every Thursday, ,
https://cityfm89.com, CityFM89, ,https://www.bbc.co.uk/sounds?src_origin=BBCS_BBC, Home, ,
https://www.dawn.com/advertise, Advertise, ,https://www.bbc.com/weather, Audio, ,
https://educationexpo.dawn.com, Events, ,https://shop.bbc.com/, Weather, ,
https://www.dawn.com/events/supplements, Supplements, ,https://www.bbc.co.uk/usingthebbc/terms, BBC Shop, ,
